[{"model": "auth.permission", "pk": 1, "fields": {"name": "Can add log entry", "content_type": 1, "codename": "add_logentry"}}, {"model": "auth.permission", "pk": 2, "fields": {"name": "Can change log entry", "content_type": 1, "codename": "change_logentry"}}, {"model": "auth.permission", "pk": 3, "fields": {"name": "Can delete log entry", "content_type": 1, "codename": "delete_logentry"}}, {"model": "auth.permission", "pk": 4, "fields": {"name": "Can view log entry", "content_type": 1, "codename": "view_logentry"}}, {"model": "auth.permission", "pk": 5, "fields": {"name": "Can add permission", "content_type": 2, "codename": "add_permission"}}, {"model": "auth.permission", "pk": 6, "fields": {"name": "Can change permission", "content_type": 2, "codename": "change_permission"}}, {"model": "auth.permission", "pk": 7, "fields": {"name": "Can delete permission", "content_type": 2, "codename": "delete_permission"}}, {"model": "auth.permission", "pk": 8, "fields": {"name": "Can view permission", "content_type": 2, "codename": "view_permission"}}, {"model": "auth.permission", "pk": 9, "fields": {"name": "Can add group", "content_type": 3, "codename": "add_group"}}, {"model": "auth.permission", "pk": 10, "fields": {"name": "Can change group", "content_type": 3, "codename": "change_group"}}, {"model": "auth.permission", "pk": 11, "fields": {"name": "Can delete group", "content_type": 3, "codename": "delete_group"}}, {"model": "auth.permission", "pk": 12, "fields": {"name": "Can view group", "content_type": 3, "codename": "view_group"}}, {"model": "auth.permission", "pk": 13, "fields": {"name": "Can add user", "content_type": 4, "codename": "add_user"}}, {"model": "auth.permission", "pk": 14, "fields": {"name": "Can change user", "content_type": 4, "codename": "change_user"}}, {"model": "auth.permission", "pk": 15, "fields": {"name": "Can delete user", "content_type": 4, "codename": "delete_user"}}, {"model": "auth.permission", "pk": 16, "fields": {"name": "Can view user", "content_type": 4, "codename": "view_user"}}, {"model": "auth.permission", "pk": 17, "fields": {"name": "Can add content type", "content_type": 5, "codename": "add_contenttype"}}, {"model": "auth.permission", "pk": 18, "fields": {"name": "Can change content type", "content_type": 5, "codename": "change_contenttype"}}, {"model": "auth.permission", "pk": 19, "fields": {"name": "Can delete content type", "content_type": 5, "codename": "delete_contenttype"}}, {"model": "auth.permission", "pk": 20, "fields": {"name": "Can view content type", "content_type": 5, "codename": "view_contenttype"}}, {"model": "auth.permission", "pk": 21, "fields": {"name": "Can add session", "content_type": 6, "codename": "add_session"}}, {"model": "auth.permission", "pk": 22, "fields": {"name": "Can change session", "content_type": 6, "codename": "change_session"}}, {"model": "auth.permission", "pk": 23, "fields": {"name": "Can delete session", "content_type": 6, "codename": "delete_session"}}, {"model": "auth.permission", "pk": 24, "fields": {"name": "Can view session", "content_type": 6, "codename": "view_session"}}, {"model": "auth.permission", "pk": 25, "fields": {"name": "Can add car", "content_type": 7, "codename": "add_car"}}, {"model": "auth.permission", "pk": 26, "fields": {"name": "Can change car", "content_type": 7, "codename": "change_car"}}, {"model": "auth.permission", "pk": 27, "fields": {"name": "Can delete car", "content_type": 7, "codename": "delete_car"}}, {"model": "auth.permission", "pk": 28, "fields": {"name": "Can view car", "content_type": 7, "codename": "view_car"}}, {"model": "auth.permission", "pk": 29, "fields": {"name": "Can add car company", "content_type": 8, "codename": "add_carcompany"}}, {"model": "auth.permission", "pk": 30, "fields": {"name": "Can change car company", "content_type": 8, "codename": "change_carcompany"}}, {"model": "auth.permission", "pk": 31, "fields": {"name": "Can delete car company", "content_type": 8, "codename": "delete_carcompany"}}, {"model": "auth.permission", "pk": 32, "fields": {"name": "Can view car company", "content_type": 8, "codename": "view_carcompany"}}, {"model": "auth.permission", "pk": 33, "fields": {"name": "Can add mileage", "content_type": 9, "codename": "add_mileage"}}, {"model": "auth.permission", "pk": 34, "fields": {"name": "Can change mileage", "content_type": 9, "codename": "change_mileage"}}, {"model": "auth.permission", "pk": 35, "fields": {"name": "Can delete mileage", "content_type": 9, "codename": "delete_mileage"}}, {"model": "auth.permission", "pk": 36, "fields": {"name": "Can view mileage", "content_type": 9, "codename": "view_mileage"}}, {"model": "auth.permission", "pk": 37, "fields": {"name": "Can add custom filed", "content_type": 10, "codename": "add_customfiled"}}, {"model": "auth.permission", "pk": 38, "fields": {"name": "Can change custom filed", "content_type": 10, "codename": "change_customfiled"}}, {"model": "auth.permission", "pk": 39, "fields": {"name": "Can delete custom filed", "content_type": 10, "codename": "delete_customfiled"}}, {"model": "auth.permission", "pk": 40, "fields": {"name": "Can view custom filed", "content_type": 10, "codename": "view_customfiled"}}, {"model": "auth.permission", "pk": 41, "fields": {"name": "Can add car model", "content_type": 11, "codename": "add_carmodel"}}, {"model": "auth.permission", "pk": 42, "fields": {"name": "Can change car model", "content_type": 11, "codename": "change_carmodel"}}, {"model": "auth.permission", "pk": 43, "fields": {"name": "Can delete car model", "content_type": 11, "codename": "delete_carmodel"}}, {"model": "auth.permission", "pk": 44, "fields": {"name": "Can view car model", "content_type": 11, "codename": "view_carmodel"}}, {"model": "auth.permission", "pk": 45, "fields": {"name": "Can add car custom setup", "content_type": 12, "codename": "add_carcustomsetup"}}, {"model": "auth.permission", "pk": 46, "fields": {"name": "Can change car custom setup", "content_type": 12, "codename": "change_carcustomsetup"}}, {"model": "auth.permission", "pk": 47, "fields": {"name": "Can delete car custom setup", "content_type": 12, "codename": "delete_carcustomsetup"}}, {"model": "auth.permission", "pk": 48, "fields": {"name": "Can view car custom setup", "content_type": 12, "codename": "view_carcustomsetup"}}, {"model": "auth.user", "pk": 1, "fields": {"password": "pbkdf2_sha256$600000$IvbkEoIzWm05L1yxp6LKaC$XY8Qsji30cs5lOV174V8ql5Sc4vhTVHK87VQVn+VIIw=", "last_login": null, "is_superuser": true, "username": "mont@gmail.com", "first_name": "", "last_name": "", "email": "mont@gmail.com", "is_staff": true, "is_active": true, "date_joined": "2024-04-24T15:10:56.734Z", "groups": [], "user_permissions": []}}, {"model": "auth.user", "pk": 2, "fields": {"password": "pbkdf2_sha256$600000$3CmCfYZAAnOu0lvpS5sjyp$OHLvW8o9Z+Tdh91Kjd36SbzcMQQKsh7zOQAZpJLSlHs=", "last_login": null, "is_superuser": false, "username": "usrer@example.com", "first_name": "string", "last_name": "string", "email": "usrer@example.com", "is_staff": false, "is_active": true, "date_joined": "2024-04-28T20:20:02.493Z", "groups": [], "user_permissions": []}}, {"model": "auth.user", "pk": 3, "fields": {"password": "pbkdf2_sha256$600000$NTBimamzBEXfrLRWQbgE05$tO0RDb4D2k6DMCXyd98/JXSIt7P+/n2fLxQ9Me20MrY=", "last_login": null, "is_superuser": false, "username": "G@gmail.com", "first_name": "Hh", "last_name": "Gg", "email": "G@gmail.com", "is_staff": false, "is_active": true, "date_joined": "2024-04-28T20:27:11.521Z", "groups": [], "user_permissions": []}}, {"model": "contenttypes.contenttype", "pk": 1, "fields": {"app_label": "admin", "model": "logentry"}}, {"model": "contenttypes.contenttype", "pk": 2, "fields": {"app_label": "auth", "model": "permission"}}, {"model": "contenttypes.contenttype", "pk": 3, "fields": {"app_label": "auth", "model": "group"}}, {"model": "contenttypes.contenttype", "pk": 4, "fields": {"app_label": "auth", "model": "user"}}, {"model": "contenttypes.contenttype", "pk": 5, "fields": {"app_label": "contenttypes", "model": "contenttype"}}, {"model": "contenttypes.contenttype", "pk": 6, "fields": {"app_label": "sessions", "model": "session"}}, {"model": "contenttypes.contenttype", "pk": 7, "fields": {"app_label": "reminder", "model": "car"}}, {"model": "contenttypes.contenttype", "pk": 8, "fields": {"app_label": "reminder", "model": "carcompany"}}, {"model": "contenttypes.contenttype", "pk": 9, "fields": {"app_label": "reminder", "model": "mileage"}}, {"model": "contenttypes.contenttype", "pk": 10, "fields": {"app_label": "reminder", "model": "customfiled"}}, {"model": "contenttypes.contenttype", "pk": 11, "fields": {"app_label": "reminder", "model": "carmodel"}}, {"model": "contenttypes.contenttype", "pk": 12, "fields": {"app_label": "reminder", "model": "carcustomsetup"}}, {"model": "reminder.car", "pk": 1, "fields": {"unique_key": "M1lKDtSU26l0hhXNw27bsn5tSfseHqpZhU7iX1n6Sto", "name": "car1", "user": 1, "car_model": 1, "created_date": "2024-05-06T17:20:39.445Z"}}, {"model": "reminder.car", "pk": 2, "fields": {"unique_key": "kuBoQU4W2KPjIWaZVCCjJ2LGRrjE3ZnINxMQwcletG4", "name": "car 2", "user": 1, "car_model": 33, "created_date": "2024-05-07T17:28:33.352Z"}}, {"model": "reminder.car", "pk": 3, "fields": {"unique_key": "xRWieFvgCOz3AXzQjnK0rI9ZOZAKxAp0S6b0J5yWoUs", "name": "car 3", "user": 1, "car_model": 2, "created_date": "2024-05-07T17:29:20.473Z"}}, {"model": "reminder.mileage", "pk": 1, "fields": {"car": 1, "mileage": 100000, "created_date": "2024-05-06T17:20:39.479Z", "unique_key": "pwBwCrv5SRTs_xdOJLwueiQhTtmPPaq3eTerj1mFqAk", "engine_oil": 500, "gearbox_oil": 100, "hydraulic_fluid": null, "hydraulic_fluid_updated_date": null, "oil_filter": null, "fuel_filter": null, "air_filter": null, "cabin_air_filter": null, "timing_belt": null, "timing_belt_last_updated_date": null, "alternator_belt": null, "front_brake_pads": null, "rear_brake_pads": null, "spark_plug": null, "front_suspension": null, "clutch_plate": null}}, {"model": "reminder.mileage", "pk": 2, "fields": {"car": 2, "mileage": 60000, "created_date": "2024-05-07T17:28:33.378Z", "unique_key": "Htkx662s1pyDO7IL8tWjbKYamBdkwozBkYpU6FgpveA", "engine_oil": 3000, "gearbox_oil": null, "hydraulic_fluid": null, "hydraulic_fluid_updated_date": null, "oil_filter": null, "fuel_filter": null, "air_filter": null, "cabin_air_filter": null, "timing_belt": null, "timing_belt_last_updated_date": null, "alternator_belt": null, "front_brake_pads": null, "rear_brake_pads": null, "spark_plug": null, "front_suspension": null, "clutch_plate": null}}, {"model": "reminder.mileage", "pk": 3, "fields": {"car": 3, "mileage": 60000, "created_date": "2024-05-07T17:29:20.490Z", "unique_key": "yjJbh99vG-QGc4JQJ2yiOmZT4alToe6Kqb2qqDgoXOc", "engine_oil": 3001, "gearbox_oil": 563, "hydraulic_fluid": 22, "hydraulic_fluid_updated_date": null, "oil_filter": null, "fuel_filter": null, "air_filter": null, "cabin_air_filter": null, "timing_belt": null, "timing_belt_last_updated_date": null, "alternator_belt": null, "front_brake_pads": null, "rear_brake_pads": null, "spark_plug": null, "front_suspension": null, "clutch_plate": null}}, {"model": "reminder.carcustomsetup", "pk": 1, "fields": {"car": 1, "engine_oil": 6000, "hydraulic_fluid": 50000, "gearbox_oil": 70000, "oil_filter": 6000, "fuel_filter": 12000, "air_filter": 50000, "cabin_air_filter": 50000, "timing_belt": 60000, "timing_belt_max_year": 60000, "alternator_belt": 30000, "front_brake_pads": 25000, "rear_brake_pads": 70000, "spark_plug": 60000, "front_suspension": 80000, "clutch_plate": 60000}}, {"model": "reminder.carcustomsetup", "pk": 2, "fields": {"car": 2, "engine_oil": 6000, "hydraulic_fluid": 50000, "gearbox_oil": 70000, "oil_filter": 6000, "fuel_filter": 12000, "air_filter": 50000, "cabin_air_filter": 50000, "timing_belt": 60000, "timing_belt_max_year": 60000, "alternator_belt": 30000, "front_brake_pads": 25000, "rear_brake_pads": 70000, "spark_plug": 60000, "front_suspension": 80000, "clutch_plate": 60000}}, {"model": "reminder.carcustomsetup", "pk": 3, "fields": {"car": 3, "engine_oil": 6000, "hydraulic_fluid": 50000, "gearbox_oil": 70000, "oil_filter": 6000, "fuel_filter": 12000, "air_filter": 50000, "cabin_air_filter": 50000, "timing_belt": 60000, "timing_belt_max_year": 60000, "alternator_belt": 30000, "front_brake_pads": 25000, "rear_brake_pads": 70000, "spark_plug": 60000, "front_suspension": 80000, "clutch_plate": 60000}}, {"model": "reminder.carcompany", "pk": 1, "fields": {"name": "Banz"}}, {"model": "reminder.carcompany", "pk": 2, "fields": {"name": "BMW"}}, {"model": "reminder.carcompany", "pk": 3, "fields": {"name": "Opel"}}, {"model": "reminder.carcompany", "pk": 4, "fields": {"name": "Volkswagen"}}, {"model": "reminder.carcompany", "pk": 5, "fields": {"name": "Ferrari"}}, {"model": "reminder.carcompany", "pk": 6, "fields": {"name": "Fiat"}}, {"model": "reminder.carcompany", "pk": 7, "fields": {"name": "Lamborghini"}}, {"model": "reminder.carcompany", "pk": 8, "fields": {"name": "Maserati"}}, {"model": "reminder.carcompany", "pk": 9, "fields": {"name": "Peugeot"}}, {"model": "reminder.carcompany", "pk": 10, "fields": {"name": "Renault"}}, {"model": "reminder.carcompany", "pk": 11, "fields": {"name": "Bugatti"}}, {"model": "reminder.carcompany", "pk": 12, "fields": {"name": "Citroën"}}, {"model": "reminder.carcompany", "pk": 13, "fields": {"name": "Toyota"}}, {"model": "reminder.carcompany", "pk": 14, "fields": {"name": "Honda"}}, {"model": "reminder.carcompany", "pk": 15, "fields": {"name": "Nissan"}}, {"model": "reminder.carcompany", "pk": 16, "fields": {"name": "Subaru"}}, {"model": "reminder.carcompany", "pk": 17, "fields": {"name": "Mazda"}}, {"model": "reminder.carcompany", "pk": 18, "fields": {"name": "Suzuki"}}, {"model": "reminder.carcompany", "pk": 19, "fields": {"name": "Hyundai"}}, {"model": "reminder.carcompany", "pk": 20, "fields": {"name": "Kia"}}, {"model": "reminder.carcompany", "pk": 21, "fields": {"name": "Genesis"}}, {"model": "reminder.carcompany", "pk": 22, "fields": {"name": "SsangYong"}}, {"model": "reminder.carcompany", "pk": 23, "fields": {"name": "Saipa"}}, {"model": "reminder.carcompany", "pk": 24, "fields": {"name": "Irankhodro"}}, {"model": "reminder.carcompany", "pk": 25, "fields": {"name": "Parskhodro"}}, {"model": "reminder.carmodel", "pk": 1, "fields": {"unique_key": "b21jpQ8XJVkWV7cYouuXTo0DJ5MtHu0sSvgaM5pqOv0", "name": "C-Class", "car_company": 1}}, {"model": "reminder.carmodel", "pk": 2, "fields": {"unique_key": "kQFfy7I-hrXwwB-EFIRw5FRXDSLdTuowThxr6GNZysU", "name": "E-Class", "car_company": 1}}, {"model": "reminder.carmodel", "pk": 3, "fields": {"unique_key": "t1uNY6hVvvAC9kIaiGdQBk_3hNB1HATKdNDXyicgkTQ", "name": "S-Class", "car_company": 1}}, {"model": "reminder.carmodel", "pk": 4, "fields": {"unique_key": "CVq1bHYQyT3TPUVjRgjqaeJ8NxE9bNyyDJzTGbkPumk", "name": "GLC", "car_company": 1}}, {"model": "reminder.carmodel", "pk": 5, "fields": {"unique_key": "3Ip52SKLlLZs84A1cV8w5Rc-wm0FUEA08gOq9RlP-Rw", "name": "GLE", "car_company": 1}}, {"model": "reminder.carmodel", "pk": 6, "fields": {"unique_key": "ot5BK2X31pLGHeSRIo-z5r1jsq4xqojqKH5jGlC7v2c", "name": "GLS", "car_company": 1}}, {"model": "reminder.carmodel", "pk": 7, "fields": {"unique_key": "FSt_JKZ1EDeePrHMlseBHgROy-1ikY0sZ1YCKQ0fQhg", "name": "3 Series", "car_company": 2}}, {"model": "reminder.carmodel", "pk": 8, "fields": {"unique_key": "DigV_PnT66u7I0ofSV0AShPptqv4S9ugBRdPA8w7HIg", "name": "5 Series", "car_company": 2}}, {"model": "reminder.carmodel", "pk": 9, "fields": {"unique_key": "CJK0dzruOTf9iQ0V2no8lfgjRmwnGS1373vBWI2ZyLo", "name": "7 Series", "car_company": 2}}, {"model": "reminder.carmodel", "pk": 10, "fields": {"unique_key": "RSHu1r51xlmqPu4l5UP6prF3GligtZ1xDWZP8JqRhAg", "name": "X3", "car_company": 2}}, {"model": "reminder.carmodel", "pk": 11, "fields": {"unique_key": "essVQWaFGG0kxBRKVjKMzNJ2aCmlr3m0Z4Gb2Futdjk", "name": "X5", "car_company": 2}}, {"model": "reminder.carmodel", "pk": 12, "fields": {"unique_key": "unaPiPlprKCcLrLnf00K-3LupbVPYYWbdRXOlawOIAM", "name": "X7", "car_company": 2}}, {"model": "reminder.carmodel", "pk": 13, "fields": {"unique_key": "vtYSHiHaII4eLSc_Dq0CLbfAd8M72AWSmXFrWIA6yjM", "name": "Corsa", "car_company": 3}}, {"model": "reminder.carmodel", "pk": 14, "fields": {"unique_key": "-F1GrD5FaGloXGIRuNg2xmhBkalWQfEOiyIiD56tW5I", "name": "Astra", "car_company": 3}}, {"model": "reminder.carmodel", "pk": 15, "fields": {"unique_key": "hZCdqQEf21BuRQWtXbtkQgbfd78yqU7g4l4C1B-cMWs", "name": "Insignia", "car_company": 3}}, {"model": "reminder.carmodel", "pk": 16, "fields": {"unique_key": "g5nfCyWr9A6Dx6z6FjBFOpLzHx3i2seMLTVyXm9isao", "name": "Crossland X", "car_company": 3}}, {"model": "reminder.carmodel", "pk": 17, "fields": {"unique_key": "W0U-Z7LMaq6ZjTxz-1QitVBKHXJstQ48zt86pkbmmKw", "name": "Grandland X", "car_company": 3}}, {"model": "reminder.carmodel", "pk": 18, "fields": {"unique_key": "8UL4OY1ibQB-e_7npqo6KJ_9-Bxm2X6Wuor-PvvKWds", "name": "Golf", "car_company": 4}}, {"model": "reminder.carmodel", "pk": 19, "fields": {"unique_key": "p1SWAaM3D7xN6elVyBzpyqWXM--wT8Pl6XLKyLbLuVI", "name": "Passat", "car_company": 4}}, {"model": "reminder.carmodel", "pk": 20, "fields": {"unique_key": "4tWZSy97q5JPNyK2n-eNyfQ1vZpdsQcMU9qekbLUjL0", "name": "Tiguan", "car_company": 4}}, {"model": "reminder.carmodel", "pk": 21, "fields": {"unique_key": "ajz5wi1_2AOt7PhU5BDhjGddQnF07WD3QZAybbpoqYE", "name": "Touareg", "car_company": 4}}, {"model": "reminder.carmodel", "pk": 22, "fields": {"unique_key": "GtcxC6mzTyWawiHeBrCXPJaaFpGfFQ1ZHziRwSIqcTQ", "name": "Arteon", "car_company": 4}}, {"model": "reminder.carmodel", "pk": 23, "fields": {"unique_key": "GC0_Buh-Q9C9z6Z58X4pMdP7KmTXqiaq1nmsvxYw5bM", "name": "488 GTB", "car_company": 5}}, {"model": "reminder.carmodel", "pk": 24, "fields": {"unique_key": "vAv15WbiC1NvpSaMAs3AFbTZUQhcQVhEUmQifTuo9-U", "name": "812 Superfast", "car_company": 5}}, {"model": "reminder.carmodel", "pk": 25, "fields": {"unique_key": "UWyUHWPT_eNSXyC6VtEbFKtauhWhpxdIicfM3LQAPkU", "name": "SF90 Stradale", "car_company": 5}}, {"model": "reminder.carmodel", "pk": 26, "fields": {"unique_key": "O2LCbXHqZsKz3prqjGIDvGL7TV-3hljdAam5jMze8qw", "name": "Portofino", "car_company": 5}}, {"model": "reminder.carmodel", "pk": 27, "fields": {"unique_key": "ctEYZOUeqPsakXim2n9Bd_Z8vSDFmc2856hPY6tNLgY", "name": "500", "car_company": 6}}, {"model": "reminder.carmodel", "pk": 28, "fields": {"unique_key": "sT_ACJCQv5iGV5IVRV8pIIvoaglgH2mo5EKrCkh5MAM", "name": "Panda", "car_company": 6}}, {"model": "reminder.carmodel", "pk": 29, "fields": {"unique_key": "ShgKROvyLVo8C5FOFyM01oJfJ5UtC1vRAcLJQRtb178", "name": "Tipo", "car_company": 6}}, {"model": "reminder.carmodel", "pk": 30, "fields": {"unique_key": "iPObFI0hFQa9pHL1MoRgioYPZH6KwZR89WgKpkN8U4Y", "name": "500X", "car_company": 6}}, {"model": "reminder.carmodel", "pk": 31, "fields": {"unique_key": "Q13KkpNHwda9u7mEht2IRtCMqD61z1pAQTd31HDpUxw", "name": "500L", "car_company": 6}}, {"model": "reminder.carmodel", "pk": 32, "fields": {"unique_key": "IYjLVvnpIquopWTuac-PAd9DhwidZDEFtuKpnd-RzjM", "name": "Huracán", "car_company": 7}}, {"model": "reminder.carmodel", "pk": 33, "fields": {"unique_key": "jU3THN0H37xow-HfkSYp9GkqVld6M_eLkyiqvJLSJ-E", "name": "Aventador", "car_company": 7}}, {"model": "reminder.carmodel", "pk": 34, "fields": {"unique_key": "sythJ7-PUeJe4D0eXKOhYaKfgVtM8zCjK_I2CwwnwhQ", "name": "Urus", "car_company": 7}}, {"model": "reminder.carmodel", "pk": 35, "fields": {"unique_key": "CW3-nauGVFqEbGUK4aOpbHi8Mekq0usCYOcPd5T7QD4", "name": "Ghibli", "car_company": 8}}, {"model": "reminder.carmodel", "pk": 36, "fields": {"unique_key": "rMVNb6J95L8KRTlAEpuT9RL7a0J46svey4iIiceGkjg", "name": "Quattroporte", "car_company": 8}}, {"model": "reminder.carmodel", "pk": 37, "fields": {"unique_key": "f6Af2-KQhgHCbNhT3GI6E8lXotiJHkbPR4uOHUbUvL0", "name": "Levante", "car_company": 8}}, {"model": "reminder.carmodel", "pk": 38, "fields": {"unique_key": "zpAO-YxRUS4DUgPsW3jAk5nIDICDQAH5em9E55-8lPM", "name": "208", "car_company": 9}}, {"model": "reminder.carmodel", "pk": 39, "fields": {"unique_key": "Bb3toCwp8yzJrVrmIMPR4TrboGWnoJmjs0aIfZh_N_s", "name": "308", "car_company": 9}}, {"model": "reminder.carmodel", "pk": 40, "fields": {"unique_key": "JgX7NtVG1FFcxbdp6LkNPuUUWJZr9RfKjP9QPW8StIc", "name": "508", "car_company": 9}}, {"model": "reminder.carmodel", "pk": 41, "fields": {"unique_key": "DdIj3BIN0Uvd8tvpZzzuiBUc2q3-dySPOWivuw4gDYQ", "name": "2008", "car_company": 9}}, {"model": "reminder.carmodel", "pk": 42, "fields": {"unique_key": "PKppxMMIUAys_X8F3RuZlABKek8XG5XDqIQtgAUzjrc", "name": "3008", "car_company": 9}}, {"model": "reminder.carmodel", "pk": 43, "fields": {"unique_key": "z5wHcgDXphRHQ1vUDpJwqJ4Bdma5Pef6k-L2gMT7Qyw", "name": "5008", "car_company": 9}}, {"model": "reminder.carmodel", "pk": 44, "fields": {"unique_key": "3ziFG1nYAgEbSpaPKPQWT_cFsynaSZtYfpqtIRXT0SQ", "name": "Clio", "car_company": 10}}, {"model": "reminder.carmodel", "pk": 45, "fields": {"unique_key": "CPetEbunuW9W3JKrULi_fOhZhTAgLRyzF84GK8FuaKM", "name": "Captur", "car_company": 10}}, {"model": "reminder.carmodel", "pk": 46, "fields": {"unique_key": "18YbcDzZS8XFzmkNl8o_i3Fgl0NXx4CMoN56e100cJI", "name": "Mégane", "car_company": 10}}, {"model": "reminder.carmodel", "pk": 47, "fields": {"unique_key": "KMoxeXy_WBeFCGzzzEGQzK57C-kLWnUPG8eB6BUNWvk", "name": "Scénic", "car_company": 10}}, {"model": "reminder.carmodel", "pk": 48, "fields": {"unique_key": "sl27ZIBNPyHGbcdYddiL-Y6MmEaTZRR2eT2CRrUn6yc", "name": "Kadjar", "car_company": 10}}, {"model": "reminder.carmodel", "pk": 49, "fields": {"unique_key": "4AL0YDHB6SxFonKjJrNOHXmK4B3fkHXeO-Vk5jjz__0", "name": "Talisman", "car_company": 10}}, {"model": "reminder.carmodel", "pk": 50, "fields": {"unique_key": "3raQLXA5T-H4zXjwGPPb6_zxMyINFfsUDptvCKXktig", "name": "Chiron", "car_company": 11}}, {"model": "reminder.carmodel", "pk": 51, "fields": {"unique_key": "gb7q61FqEwRLNGCK1vvy6octILryH92xTYWMG1zHJx0", "name": "Veyron", "car_company": 11}}, {"model": "reminder.carmodel", "pk": 52, "fields": {"unique_key": "7-2DwOcPauCbn8S3YkRccJylAMNODdJfWLMWnhZpFFk", "name": "C3", "car_company": 12}}, {"model": "reminder.carmodel", "pk": 53, "fields": {"unique_key": "iOEK5g1ubAEbEz8HupRYGzlKuENPOqm96eKgUyRh0aw", "name": "C4", "car_company": 12}}, {"model": "reminder.carmodel", "pk": 54, "fields": {"unique_key": "iHsTfVkXxkzQGGWFXNXCipKTMrNzUK7zP8S1OauKZx4", "name": "C5", "car_company": 12}}, {"model": "reminder.carmodel", "pk": 55, "fields": {"unique_key": "vmtgxCkaCNvSk_OvFBOc2b7z4FCxAxoVu5OALyQAFrA", "name": "Berlingo", "car_company": 12}}, {"model": "reminder.carmodel", "pk": 56, "fields": {"unique_key": "SgTRyVeuUQZA92z0ATo8Iag8f-zmUCTN1faxGck99Gk", "name": "Cactus", "car_company": 12}}, {"model": "reminder.carmodel", "pk": 57, "fields": {"unique_key": "FHxcO3kqaHJ71LcALuPVIu7_gvnpadDC4GUeTWivNx4", "name": "Corolla", "car_company": 13}}, {"model": "reminder.carmodel", "pk": 58, "fields": {"unique_key": "CoGFOfTimjnDKw-OvWARF1qGj1aGgdgIFwxau-kfKa8", "name": "Camry", "car_company": 13}}, {"model": "reminder.carmodel", "pk": 59, "fields": {"unique_key": "79ZCTI9-IrJfoUwcUcWIL2NTZii_BYPg51qCBrHeMls", "name": "RAV4", "car_company": 13}}, {"model": "reminder.carmodel", "pk": 60, "fields": {"unique_key": "LNQ5qdRUoJVakC13rrrVZDPXexulguE0SJuj-Z1-P7Q", "name": "Highlander", "car_company": 13}}, {"model": "reminder.carmodel", "pk": 61, "fields": {"unique_key": "QpTNDlxKMCvHyCdE1_mn9yijGmdCPznW0Jz6Xn99_Io", "name": "Prius", "car_company": 13}}, {"model": "reminder.carmodel", "pk": 62, "fields": {"unique_key": "-PeZr8J09CqBfqNwWnPKu-r-Az1MvXmtDevdkQrZGcQ", "name": "Land Cruiser", "car_company": 13}}, {"model": "reminder.carmodel", "pk": 63, "fields": {"unique_key": "QGUCf0n8m7aZuHwX5diJqePXDd2NwLH6v5WGS3719Dc", "name": "Civic", "car_company": 14}}, {"model": "reminder.carmodel", "pk": 64, "fields": {"unique_key": "aAUD968GfQu4w3TDxThYAzzvsR1pTiRgBuPC647AVtA", "name": "Accord", "car_company": 14}}, {"model": "reminder.carmodel", "pk": 65, "fields": {"unique_key": "z1l1eY5PMmKH20RQtAvOzeHaFkFMJNO1xIGU5uFpXVc", "name": "CR-V", "car_company": 14}}, {"model": "reminder.carmodel", "pk": 66, "fields": {"unique_key": "2-L0Ml5D0I8rJ30_uUYOtp9yvs5iBZ-JLHqWA0Rio3A", "name": "HR-V", "car_company": 14}}, {"model": "reminder.carmodel", "pk": 67, "fields": {"unique_key": "xlOAjzaDaXhqnu4FYDEeAR7guEC48HNfFjt8YH1PuAM", "name": "Pilot", "car_company": 14}}, {"model": "reminder.carmodel", "pk": 68, "fields": {"unique_key": "XdAKu8B4V8Gzns88ecx9vn8aX3__nZoyK5IkVptDpbg", "name": "Odyssey", "car_company": 14}}, {"model": "reminder.carmodel", "pk": 69, "fields": {"unique_key": "9J6OzB72ocjtLcTG4Oc9u0eZK5H-7IfRZANZpLAifCo", "name": "Altima", "car_company": 15}}, {"model": "reminder.carmodel", "pk": 70, "fields": {"unique_key": "S1RQ0U1Dss1-3TA2t0A5w5_Xfa63D95Vnw_5N2XIiEA", "name": "Maxima", "car_company": 15}}, {"model": "reminder.carmodel", "pk": 71, "fields": {"unique_key": "1-Zy0oZpgxIqg338PxnRydlHN6NlRfknnVI_d1Uwjo4", "name": "Sentra", "car_company": 15}}, {"model": "reminder.carmodel", "pk": 72, "fields": {"unique_key": "QpSKjaJLgX8Z5dKUL4-KVO56-fgnVz1LTBJXFVNvz6g", "name": "Rogue", "car_company": 15}}, {"model": "reminder.carmodel", "pk": 73, "fields": {"unique_key": "XZ1D0CmJxT-WspmgGtNcU_qSgE0NXkpeXVoEY6qVM9U", "name": "Murano", "car_company": 15}}, {"model": "reminder.carmodel", "pk": 74, "fields": {"unique_key": "TCot4PKuQA_UdRsNzYo7e4nQoYEqH9ya8J2AhYNVN5E", "name": "Pathfinder", "car_company": 15}}, {"model": "reminder.carmodel", "pk": 75, "fields": {"unique_key": "4cWlztrphC3vwK_hgZZ088ADq5iw69rRrUCNSOmzCus", "name": "Impreza", "car_company": 16}}, {"model": "reminder.carmodel", "pk": 76, "fields": {"unique_key": "f0oFViUaEVFRquOapPhX8ekB7VIKGDre1hr7DgZ5D_0", "name": "Legacy", "car_company": 16}}, {"model": "reminder.carmodel", "pk": 77, "fields": {"unique_key": "UvzojZrIj35GywwP6iCamJi8i53MLnjwWFIdMhcgap4", "name": "Outback", "car_company": 16}}, {"model": "reminder.carmodel", "pk": 78, "fields": {"unique_key": "wn_9PXQxRAgbSrTZl59-OrViKFz43hPfO9vX4TxumSo", "name": "Forester", "car_company": 16}}, {"model": "reminder.carmodel", "pk": 79, "fields": {"unique_key": "gPinqf2RCa3a7E6B3WMuTZ6FYoXa-1v3UJ3DBaSmBYQ", "name": "Crosstrek", "car_company": 16}}, {"model": "reminder.carmodel", "pk": 80, "fields": {"unique_key": "9v11JwtQhTWLTEZB2Ez7DG7bLBkqYSPuSAk3HWI8R6g", "name": "Mazda3", "car_company": 17}}, {"model": "reminder.carmodel", "pk": 81, "fields": {"unique_key": "-VN_hYiQgAAXYiwlAKfr3AS8hHPw1t7m1IuA5cl7K0c", "name": "Mazda6", "car_company": 17}}, {"model": "reminder.carmodel", "pk": 82, "fields": {"unique_key": "MMnSQlcqmLvoryRCdit8V-G4eCjjM3E3ZnFJCBl2jYQ", "name": "CX-3", "car_company": 17}}, {"model": "reminder.carmodel", "pk": 83, "fields": {"unique_key": "ACxAFaRUFJVQPIeJy4S7NOjxOxEAvTAmSEfv0_-HDNI", "name": "CX-5", "car_company": 17}}, {"model": "reminder.carmodel", "pk": 84, "fields": {"unique_key": "5RdtmaFTa-UXMQKZPbohT4LnTXxiBaynQqB-YsPMBmY", "name": "CX-9", "car_company": 17}}, {"model": "reminder.carmodel", "pk": 85, "fields": {"unique_key": "2QjG2AyiLZJFjqubKyQxyBvDD6tMVzlwCuXQ3m8lXDg", "name": "Swift", "car_company": 18}}, {"model": "reminder.carmodel", "pk": 86, "fields": {"unique_key": "Q7Gevefd2IVN5wImpQFwQif_qRp6UOcgeQ6-EllweRM", "name": "Jimny", "car_company": 18}}, {"model": "reminder.carmodel", "pk": 87, "fields": {"unique_key": "LuTd2fT0hT49G4ANntEcnkdZOBjmYFBnrlOV6F9j404", "name": "Vitara", "car_company": 18}}, {"model": "reminder.carmodel", "pk": 88, "fields": {"unique_key": "ntpqvpidS4TP1qKO5W-R7iNUMsH9YSQ4FPz3IYjo2ls", "name": "S-Cross", "car_company": 18}}, {"model": "reminder.carmodel", "pk": 89, "fields": {"unique_key": "CfeKOa7La0_1uBvDeBo8N03KFgeKqt-s9EZCDKOZCsQ", "name": "Ignis", "car_company": 18}}, {"model": "reminder.carmodel", "pk": 90, "fields": {"unique_key": "lCBxfkbqLV4g6jdGPJ__phybVRyYu1Oph6oPo48UX5s", "name": "Elantra", "car_company": 19}}, {"model": "reminder.carmodel", "pk": 91, "fields": {"unique_key": "G5sp3P5CFa-fw7rPwTnCvRkz8UpPs4_R3oGbd8t7ZX8", "name": "Sonata", "car_company": 19}}, {"model": "reminder.carmodel", "pk": 92, "fields": {"unique_key": "S8xqmIANTAwfIeIDgH73odNA6LBwBmpXgoQ6NdrOPT0", "name": "Santa Fe", "car_company": 19}}, {"model": "reminder.carmodel", "pk": 93, "fields": {"unique_key": "Qqp-Jt1sx7Vn2YogR8ali28YkdXyG9tZJ1GOB9hh_Uo", "name": "Tucson", "car_company": 19}}, {"model": "reminder.carmodel", "pk": 94, "fields": {"unique_key": "zG4Q_r8v6oDmx-1yyEtJpoii2DLM1wHpza_JBmzZii0", "name": "Kona", "car_company": 19}}, {"model": "reminder.carmodel", "pk": 95, "fields": {"unique_key": "_e8D1bD7EP39msB8zRSNQW9TT2sGcyIGoGYJIqqHNs0", "name": "Palisade", "car_company": 19}}, {"model": "reminder.carmodel", "pk": 96, "fields": {"unique_key": "TbtlBVKpAosRkE85vmxfb7eD9NiO8YYuzMHBbmiatQU", "name": "Rio", "car_company": 20}}, {"model": "reminder.carmodel", "pk": 97, "fields": {"unique_key": "Zen-CiJc2gNwfmicH8il-_Cn-A43Mh1zFmsshye3du0", "name": "Forte", "car_company": 20}}, {"model": "reminder.carmodel", "pk": 98, "fields": {"unique_key": "3wr-Xhgo1W3bDhV4ym_KEF6Tt424oocXYIaoLaGFEzY", "name": "Optima", "car_company": 20}}, {"model": "reminder.carmodel", "pk": 99, "fields": {"unique_key": "95mpPtNh8MzOP9CTnL47xXPnntil2IyfsndVBLRMm8I", "name": "Sportage", "car_company": 20}}, {"model": "reminder.carmodel", "pk": 100, "fields": {"unique_key": "aXLpH8cnYFgd5UBIYQpNE8ewbe4o_L-XoHGKklC-9ig", "name": "Sorento", "car_company": 20}}, {"model": "reminder.carmodel", "pk": 101, "fields": {"unique_key": "MNjXDg3dgFcULsFED1BtN4aq5wJ4sHvIIdZMGYUlteE", "name": "Telluride", "car_company": 20}}, {"model": "reminder.carmodel", "pk": 102, "fields": {"unique_key": "_CGUxDyzEF0-WJNfUB2f9iggjp0LapGdE8iSkfsss5k", "name": "G70", "car_company": 21}}, {"model": "reminder.carmodel", "pk": 103, "fields": {"unique_key": "wkikuBkvOdQL5PJEh66fglAVRelhbEb5VtqZ5VoKPTg", "name": "G80", "car_company": 21}}, {"model": "reminder.carmodel", "pk": 104, "fields": {"unique_key": "-ZC4gAKoJ7PFU9Pg8I15llAAO6E5Ob_7HQgiZGRhnn0", "name": "G90", "car_company": 21}}, {"model": "reminder.carmodel", "pk": 105, "fields": {"unique_key": "CBOb2LlgtRHKUkC5TAWLdumYjKv18igLt5-f4jlpPpg", "name": "Tivoli", "car_company": 22}}, {"model": "reminder.carmodel", "pk": 106, "fields": {"unique_key": "bdP2Lb2cqyK1gil86OX5mpM_PILmkYT7_yXtCozCnpk", "name": "Korando", "car_company": 22}}, {"model": "reminder.carmodel", "pk": 107, "fields": {"unique_key": "SefHTFC2GrQzeCbEgO8W4HizGNkuFoga9Ng8nMv6lJE", "name": "Rexton", "car_company": 22}}, {"model": "reminder.carmodel", "pk": 108, "fields": {"unique_key": "ZyIU5MBdxgwJldAqrREf2Vsrta1e1ySVbLiTOD1U-Wc", "name": "Musso", "car_company": 22}}, {"model": "reminder.carmodel", "pk": 109, "fields": {"unique_key": "N2VKkSgXvLR0kBB98oKl5mL7hepqvAJQerEy_G01gOI", "name": "Pride", "car_company": 23}}, {"model": "reminder.carmodel", "pk": 110, "fields": {"unique_key": "Pp1jnxsF4WXcbcRzoOmXcZJ5kLMKVV5rh-t1_nNRYdI", "name": "Tiba", "car_company": 23}}, {"model": "reminder.carmodel", "pk": 111, "fields": {"unique_key": "4RKOMVBNO7HYm3MzwWjsfx4MG_LaJO64DRszJYuehgk", "name": "Saina", "car_company": 23}}, {"model": "reminder.carmodel", "pk": 112, "fields": {"unique_key": "Z01qHmp0rJ3GtQ-Z6UosADsfLoAQcqrOp3mgyjGjyDQ", "name": "Quick", "car_company": 23}}, {"model": "reminder.carmodel", "pk": 113, "fields": {"unique_key": "mPVZmVlB-fQzMzifQ5rQR3ElIRI2EA3hmgkRhbG26M4", "name": "Samand", "car_company": 24}}, {"model": "reminder.carmodel", "pk": 114, "fields": {"unique_key": "cCiKgX0YmFbv9j2RIEcGyRPv7Q0JOMsmE7eaEyggVOg", "name": "Dena", "car_company": 24}}, {"model": "reminder.carmodel", "pk": 115, "fields": {"unique_key": "X4-A1x7FZgCFvVG2LKmAX42h9DT2epfhoOXL4g0NivU", "name": "Runna", "car_company": 24}}, {"model": "reminder.carmodel", "pk": 116, "fields": {"unique_key": "2TdrrahTQ_QTzsn_umGin_dmDvLINIFnDizwWzSgQlI", "name": "Peykan", "car_company": 24}}, {"model": "reminder.carmodel", "pk": 117, "fields": {"unique_key": "Il6sz2jD2IsE4t8Lz7688pJb3shzTrdjWPiU9oefK4M", "name": "Xantia", "car_company": 25}}, {"model": "reminder.carmodel", "pk": 118, "fields": {"unique_key": "UW7jotwVeWtWzNmaO8szYr2ctolC1MXlVQEE16EaQ44", "name": "Pickup", "car_company": 25}}, {"model": "reminder.carmodel", "pk": 119, "fields": {"unique_key": "cWSK4Ue4q11cQ0jcATp6sfzqkk_qBo79AElGXLQNZ5Y", "name": "H230", "car_company": 25}}]